{
  "CoverPageSectionId": "1da3f8af-c86e-403c-8895-44144ddb2900",
  "Id": "0839327a2576452a8c952206a315a35c",
  "Revision": 846,
  "Children": [
    {
      "$type": "Group",
      "Children": [
        {
          "$type": "SingleQuestion",
          "QuestionType": 0,
          "ShowAsList": false,
          "CategoriesId": "0128f556-b60f-4adc-7ea6-0a58c12699fe",
          "Answers": [],
          "Children": [],
          "ConditionExpression": "",
          "HideIfDisabled": false,
          "Featured": true,
          "Instructions": "",
          "Properties": {
            "HideInstructions": false,
            "UseFormatting": false
          },
          "PublicKey": "7f6aa70e-7192-7b72-db33-cd345d41e452",
          "QuestionScope": 0,
          "QuestionText": "Thank you for participating! <br><br> Please provide information about your views on the achievements of the TCP during the 21st century in:",
          "StataExportCaption": "country",
          "VariableLabel": "Country",
          "IsFilteredCombobox": true,
          "IsTimestamp": false,
          "ValidationConditions": [],
          "VariableName": "country"
        },
        {
          "$type": "SingleQuestion",
          "QuestionType": 0,
          "ShowAsList": false,
          "CategoriesId": "95dc6a94-4b9d-96a8-1ddd-814a25ad4f51",
          "Answers": [],
          "Children": [],
          "ConditionExpression": "",
          "HideIfDisabled": false,
          "Featured": true,
          "Instructions": "",
          "Properties": {
            "HideInstructions": false,
            "UseFormatting": false
          },
          "PublicKey": "a72506f2-ac97-bd17-5ec7-4c111d15008d",
          "QuestionScope": 0,
          "QuestionText": "Click the blue button below to continue.<br><br>Remember that none of your answers can be associated with you nor your institution.<br><br>The system created an automatic ID to be able to manage the data effectively. <br><br>Generated ID:",
          "StataExportCaption": "cp_hidden",
          "VariableLabel": "name of counterpart",
          "CascadeFromQuestionId": "7f6aa70e-7192-7b72-db33-cd345d41e452",
          "IsFilteredCombobox": false,
          "IsTimestamp": false,
          "ValidationConditions": [],
          "VariableName": "cp_hidden"
        }
      ],
      "ConditionExpression": "",
      "HideIfDisabled": false,
      "IsFlatMode": false,
      "IsPlainMode": false,
      "DisplayMode": 0,
      "Enabled": true,
      "Description": "",
      "VariableName": "",
      "IsRoster": false,
      "CustomRosterTitle": false,
      "RosterSizeSource": 0,
      "FixedRosterTitles": [],
      "PublicKey": "1da3f8af-c86e-403c-8895-44144ddb2900",
      "Title": "Cover"
    },
    {
      "$type": "Group",
      "Children": [
        {
          "$type": "SingleQuestion",
          "QuestionType": 0,
          "ShowAsList": false,
          "CategoriesId": "95dc6a94-4b9d-96a8-1ddd-814a25ad4f51",
          "Answers": [],
          "Children": [],
          "ConditionExpression": "",
          "HideIfDisabled": false,
          "Featured": false,
          "Instructions": "",
          "Properties": {
            "HideInstructions": false,
            "UseFormatting": false
          },
          "PublicKey": "ac97e6ce-c7c3-4c32-0ec2-0d8390b57bf5",
          "QuestionScope": 3,
          "QuestionText": "Name of counterpart",
          "StataExportCaption": "counterpart",
          "VariableLabel": "name of counterpart",
          "CascadeFromQuestionId": "7f6aa70e-7192-7b72-db33-cd345d41e452",
          "IsFilteredCombobox": false,
          "IsTimestamp": false,
          "ValidationConditions": [],
          "VariableName": "counterpart"
        },
        {
          "$type": "SingleQuestion",
          "QuestionType": 0,
          "ShowAsList": false,
          "CategoriesId": "805597bf-a49f-0fe2-fd63-821348b1e3fc",
          "Answers": [],
          "Children": [],
          "ConditionExpression": "",
          "HideIfDisabled": false,
          "Featured": false,
          "Instructions": "",
          "Properties": {
            "HideInstructions": false,
            "UseFormatting": false
          },
          "PublicKey": "fded7d31-4f87-d712-a473-d6e713b9dedc",
          "QuestionScope": 0,
          "QuestionText": "In which THEMATIC AREA have you PRIMARILY been involved through the TCP in <i>%country%</i>?",
          "StataExportCaption": "theme",
          "VariableLabel": "supported_areas",
          "IsFilteredCombobox": false,
          "IsTimestamp": false,
          "ValidationConditions": [],
          "VariableName": "theme"
        },
        {
          "$type": "MultyOptionsQuestion",
          "QuestionType": 3,
          "AreAnswersOrdered": false,
          "MaxAllowedAnswers": 2,
          "YesNoView": false,
          "CategoriesId": "2c06f4e2-5e80-bfd4-7e33-32ff889753fb",
          "Answers": [],
          "Children": [],
          "ConditionExpression": "IsAnswered(theme)",
          "HideIfDisabled": true,
          "Featured": false,
          "Instructions": "",
          "Properties": {
            "HideInstructions": false,
            "UseFormatting": false,
            "OptionsFilterExpression": "theme== 1 && (@optioncode >= 10 && @optioncode <=19) ||\ntheme == 2 && (@optioncode >= 20 && @optioncode <=29) ||\ntheme == 3 && (@optioncode >= 30 && @optioncode <=39) ||\ntheme == 4 && (@optioncode >= 40 && @optioncode <=49) ||\ntheme == 5 && (@optioncode >= 50 && @optioncode <=59) ||\ntheme == 6 && (@optioncode >= 60 && @optioncode <=69)||\ntheme == 7 && (@optioncode >= 70 && @optioncode <=79)"
          },
          "PublicKey": "2c159971-ae6e-6afd-b779-76480f3eff01",
          "QuestionScope": 0,
          "QuestionText": "Please select a maximum of two AREAS in which you were involved with respect to the TCP support in <i>%country%</i>.",
          "StataExportCaption": "improvement",
          "VariableLabel": "Improvements",
          "IsFilteredCombobox": false,
          "IsTimestamp": false,
          "ValidationConditions": [],
          "VariableName": "improvement"
        },
        {
          "$type": "Group",
          "Children": [
            {
              "$type": "SingleQuestion",
              "QuestionType": 0,
              "ShowAsList": false,
              "CategoriesId": "1b27b446-4cd0-e17f-8ab7-dc40041096b5",
              "Answers": [],
              "Children": [],
              "ConditionExpression": "IsAnswered(improvement)",
              "HideIfDisabled": true,
              "Featured": false,
              "Instructions": "",
              "Properties": {
                "HideInstructions": false,
                "UseFormatting": false
              },
              "PublicKey": "57ee1180-a9a7-8275-90d4-fd85a11c5bc6",
              "QuestionScope": 0,
              "QuestionText": "Regarding <i>%foas%</i>:\n<br><br>\nIn which YEAR did your instition first collaborate with the TCP?",
              "StataExportCaption": "year_start",
              "VariableLabel": "year_started",
              "IsFilteredCombobox": true,
              "IsTimestamp": false,
              "ValidationConditions": [],
              "VariableName": "year_start"
            },
            {
              "$type": "StaticText",
              "Children": [],
              "VariableName": "",
              "PublicKey": "dbc5e67a-77d5-faf1-f42b-1ab5a8f300c0",
              "Text": "<font color=\"blue\">How would you describe the status of development of nuclear technologies for:\n<br><br><i>%foas%</i><br><br>\nin your institution at the begining of <i>%year_start%</i> and at the moment?\n<br><br>\n\n</font>",
              "AttachmentName": "",
              "ValidationConditions": [],
              "ConditionExpression": "IsAnswered(year_start)",
              "HideIfDisabled": true
            },
            {
              "$type": "SingleQuestion",
              "QuestionType": 0,
              "ShowAsList": false,
              "Answers": [
                {
                  "AnswerText": "No capacity",
                  "AnswerValue": "1"
                },
                {
                  "AnswerText": "EARLY STAGE of the services/procedure/programmes",
                  "AnswerValue": "2"
                },
                {
                  "AnswerText": "Services/procedure/programme OPERATIONAL",
                  "AnswerValue": "3"
                },
                {
                  "AnswerText": "Services/procedure/programme undergoing EXPANSION",
                  "AnswerValue": "4"
                }
              ],
              "Children": [],
              "ConditionExpression": "IsAnswered(year_start)",
              "HideIfDisabled": true,
              "Featured": false,
              "Instructions": "",
              "Properties": {
                "HideInstructions": false,
                "UseFormatting": false,
                "OptionsFilterExpression": "@optioncode.InRange(1,100)\n//always show the No capacity label\n/*\n@optioncode == 1 ||\nhas_categories + 2 == @optioncode ||\nhas_categories + 3 == @optioncode ||\nhas_categories + 4  == @optioncode ||\nhas_categories + 5  == @\n*/"
              },
              "PublicKey": "cc5adbf1-ec2c-ad9a-6743-4c4b104ded06",
              "QuestionScope": 0,
              "QuestionText": "Status of development when your institution collaborated with the TCP in <i>%year_start%</i>",
              "StataExportCaption": "dev_2000",
              "VariableLabel": "Level of development in 2000",
              "IsFilteredCombobox": false,
              "IsTimestamp": false,
              "ValidationConditions": [],
              "VariableName": "dev_2000"
            },
            {
              "$type": "SingleQuestion",
              "QuestionType": 0,
              "ShowAsList": false,
              "Answers": [
                {
                  "AnswerText": "No capacity",
                  "AnswerValue": "1"
                },
                {
                  "AnswerText": "EARLY STAGE of the services/procedure/programmes",
                  "AnswerValue": "2"
                },
                {
                  "AnswerText": "Services/procedure/programme OPERATIONAL",
                  "AnswerValue": "3"
                },
                {
                  "AnswerText": "Services/procedure/programme undergoing EXPANSION",
                  "AnswerValue": "4"
                }
              ],
              "Children": [],
              "ConditionExpression": "IsAnswered(year_start)",
              "HideIfDisabled": true,
              "Featured": false,
              "Instructions": "",
              "Properties": {
                "HideInstructions": false,
                "UseFormatting": false,
                "OptionsFilterExpression": "@optioncode.InRange(1,100)\n//always show the No capacity label\n/*\n@optioncode == 1 ||\nhas_categories + 2 == @optioncode ||\nhas_categories + 3 == @optioncode ||\nhas_categories + 4  == @optioncode ||\nhas_categories + 5  == @optioncode\n*/"
              },
              "PublicKey": "96765491-1b74-741a-aa89-5fa8a7cba67d",
              "QuestionScope": 0,
              "QuestionText": "Status of development at the moment (2023)",
              "StataExportCaption": "dev_2023",
              "VariableLabel": "Level of develoment in 2023",
              "IsFilteredCombobox": false,
              "IsTimestamp": false,
              "ValidationConditions": [],
              "VariableName": "dev_2023"
            },
            {
              "$type": "SingleQuestion",
              "QuestionType": 0,
              "ShowAsList": false,
              "Answers": [
                {
                  "AnswerText": "There is no staff left to operate equipment",
                  "AnswerValue": "1"
                },
                {
                  "AnswerText": "There is no staff to implement technology",
                  "AnswerValue": "2"
                },
                {
                  "AnswerText": "Lack of maintenance of equipment",
                  "AnswerValue": "3"
                },
                {
                  "AnswerText": "Lack of funding for operational inputs",
                  "AnswerValue": "4"
                },
                {
                  "AnswerText": "Research priorities shifted",
                  "AnswerValue": "5"
                },
                {
                  "AnswerText": "Unsuccessful results in technology application",
                  "AnswerValue": "6"
                },
                {
                  "AnswerText": "Lack of TCP support",
                  "AnswerValue": "7"
                },
                {
                  "AnswerText": "Other",
                  "AnswerValue": "96"
                }
              ],
              "Children": [],
              "ConditionExpression": "dev_2000 > dev_2023",
              "HideIfDisabled": true,
              "Featured": false,
              "Instructions": "",
              "Properties": {
                "HideInstructions": false,
                "UseFormatting": false
              },
              "PublicKey": "fd913454-ee23-df71-67ae-99b005e45dd3",
              "QuestionScope": 0,
              "QuestionText": "You mentioned that the status of development in %year_start% was %dev_2000% and that this status has shrinked to <i>%dev_2023%</i> in 2023.<br><br>\n\n\nIn your opinion which are the reasons that best explain the shrink of the level of development?",
              "StataExportCaption": "dev_reason",
              "VariableLabel": "",
              "IsFilteredCombobox": false,
              "IsTimestamp": false,
              "ValidationConditions": [],
              "VariableName": "dev_reason"
            },
            {
              "$type": "SingleQuestion",
              "QuestionType": 0,
              "ShowAsList": false,
              "Answers": [
                {
                  "AnswerText": "The TCP has not contributed to the development",
                  "AnswerValue": "1"
                },
                {
                  "AnswerText": "The TCP contributed to the development to some extent",
                  "AnswerValue": "2"
                },
                {
                  "AnswerText": "The TCP has contributed substantially to reach the present level of development",
                  "AnswerValue": "3"
                },
                {
                  "AnswerText": "The development would have been not possible without the support from the IAEA",
                  "AnswerValue": "4"
                }
              ],
              "Children": [],
              "ConditionExpression": "dev_2023 > dev_2000",
              "HideIfDisabled": true,
              "Featured": false,
              "Instructions": "",
              "Properties": {
                "HideInstructions": false,
                "UseFormatting": false
              },
              "PublicKey": "27025a29-c503-a7b2-85f6-f3272139d137",
              "QuestionScope": 0,
              "QuestionText": "In your opinion, has the TCP contributed to the status of development achieved of <i>%foas%</i> in 2023?",
              "StataExportCaption": "tcp_contribution",
              "VariableLabel": "",
              "IsFilteredCombobox": false,
              "IsTimestamp": false,
              "ValidationConditions": [],
              "VariableName": "tcp_contribution"
            },
            {
              "$type": "SingleQuestion",
              "QuestionType": 0,
              "ShowAsList": false,
              "Answers": [
                {
                  "AnswerText": "Reached initial capacities",
                  "AnswerValue": "1"
                },
                {
                  "AnswerText": "Reached mastery of the services/procedure/programmes",
                  "AnswerValue": "2"
                },
                {
                  "AnswerText": "Became leader nationally (e.g. provides training nationally) with respect to services/procedure/programme",
                  "AnswerValue": "3"
                },
                {
                  "AnswerText": "Became leader regionally (e.g. provides training regionally) with respect to services/procedure/programme",
                  "AnswerValue": "4"
                },
                {
                  "AnswerText": "Has remained the same as before the TCP support",
                  "AnswerValue": "98"
                }
              ],
              "Children": [],
              "ConditionExpression": "tcp_contribution >1",
              "HideIfDisabled": true,
              "Featured": false,
              "Instructions": "",
              "Properties": {
                "HideInstructions": false,
                "UseFormatting": false,
                "OptionsFilterExpression": "@optioncode.InRange(1,100)\n//always show the No capacity label\n/*\nhas_types + 1 == @optioncode  ||\nhas_types + 2 == @optioncode ||\nhas_types + 3 == @optioncode ||\nhas_types + 4  == @optioncode ||\nhas_types + 5  == @optioncode\n*/\n"
              },
              "PublicKey": "0efe9547-cf6b-8f1a-b214-b4c572f43c19",
              "QuestionScope": 0,
              "QuestionText": "As a result of the TCP support on <i>%foas%</i>, your institution has:",
              "StataExportCaption": "type",
              "VariableLabel": "",
              "IsFilteredCombobox": false,
              "IsTimestamp": false,
              "ValidationConditions": [],
              "VariableName": "type"
            },
            {
              "$type": "StaticText",
              "Children": [],
              "VariableName": "",
              "PublicKey": "54343a34-e525-fb65-a4a5-acdd5cba7117",
              "Text": "<font color=\"blue\">\nThe following questions intend to understand the mechanisms in which the TCP contributed to <i>%foas%</i> in your institution.\n</font>",
              "AttachmentName": "",
              "ValidationConditions": [],
              "ConditionExpression": "tcp_contribution > 1",
              "HideIfDisabled": true
            },
            {
              "$type": "MultyOptionsQuestion",
              "QuestionType": 3,
              "AreAnswersOrdered": false,
              "YesNoView": false,
              "CategoriesId": "e0fa4907-2a2b-4cd2-8cff-1338dc3a5b29",
              "Answers": [],
              "Children": [],
              "ConditionExpression": "tcp_contribution > 1",
              "HideIfDisabled": true,
              "Featured": false,
              "Instructions": "Select all that apply",
              "Properties": {
                "HideInstructions": false,
                "UseFormatting": false,
                "OptionsFilterExpression": "theme != 6 && @optioncode.InList(1,2,3,4,6,7,8) ||\ntheme == 6 && @optioncode.InRange(1,8)"
              },
              "PublicKey": "90a8c5c9-e80e-9ea5-8a54-bd86d767745f",
              "QuestionScope": 0,
              "QuestionText": "Based on your knowledge, HOW did the TCP contribute to <i>%dev_2023%</i> of <i>%foas%</i>?",
              "StataExportCaption": "mechanism",
              "VariableLabel": "",
              "IsFilteredCombobox": false,
              "IsTimestamp": false,
              "ValidationConditions": [],
              "VariableName": "mechanism"
            },
            {
              "$type": "MultyOptionsQuestion",
              "QuestionType": 3,
              "AreAnswersOrdered": false,
              "YesNoView": false,
              "CategoriesId": "47ffc4fd-a7d4-8e5c-752c-800ee392067c",
              "Answers": [],
              "Children": [],
              "ConditionExpression": "IsAnswered(mechanism)",
              "HideIfDisabled": true,
              "Featured": false,
              "Instructions": "",
              "Properties": {
                "HideInstructions": false,
                "UseFormatting": false,
                "OptionsFilterExpression": "mechanism.Contains(1) && @optioncode.InRange(11,19)  ||\nmechanism.Contains(2) && @optioncode.InRange(21,29) ||\nmechanism.Contains(3) && @optioncode.InRange(31,39)||\nmechanism.Contains(4) && @optioncode.InRange(41,49) ||\nmechanism.Contains(5) && @optioncode.InRange(51,59) ||\n\nmechanism.Contains(6) && @optioncode.InRange(61,69) ||\nmechanism.Contains(7) && @optioncode.InRange(71,79) ||\n//this is because 61 is used for 6 and 7\nmechanism.Contains(7) && @optioncode == 61 ||\nmechanism.Contains(8) && @optioncode.InRange(81,89) ||\n@optioncode == 98\n"
              },
              "PublicKey": "fb9ce9a8-637c-9518-7dc2-750187c25d8d",
              "QuestionScope": 0,
              "QuestionText": "In your opinion, has the support of the TCP consolidated into any of the following?",
              "StataExportCaption": "sustain",
              "VariableLabel": "Support transformed into",
              "IsFilteredCombobox": false,
              "IsTimestamp": false,
              "ValidationConditions": [],
              "VariableName": "sustain"
            },
            {
              "$type": "MultyOptionsQuestion",
              "QuestionType": 3,
              "AreAnswersOrdered": false,
              "YesNoView": false,
              "Answers": [
                {
                  "AnswerText": "IAEA guidelines and/or codes of practice have been implemented or adopted",
                  "AnswerValue": "1"
                },
                {
                  "AnswerText": "Equipment and related training",
                  "AnswerValue": "2"
                },
                {
                  "AnswerText": "Participation in national trainng",
                  "AnswerValue": "3"
                },
                {
                  "AnswerText": "Participation in regional trainng",
                  "AnswerValue": "4"
                },
                {
                  "AnswerText": "Establishment of procedures and best practices",
                  "AnswerValue": "5"
                },
                {
                  "AnswerText": "Establishment of new services/new technologies",
                  "AnswerValue": "6"
                },
                {
                  "AnswerText": "Development and or access to databases",
                  "AnswerValue": "7"
                },
                {
                  "AnswerText": "Development of protocols and or national/regional guidelines",
                  "AnswerValue": "8"
                },
                {
                  "AnswerText": "Enhanced professional development",
                  "AnswerValue": "9"
                }
              ],
              "Children": [],
              "ConditionExpression": "tcp_contribution > 1",
              "HideIfDisabled": true,
              "Featured": false,
              "Instructions": "Select all that apply",
              "Properties": {
                "HideInstructions": false,
                "UseFormatting": false
              },
              "PublicKey": "c7f6dc7b-f0eb-742b-7093-4d9ba2796b0d",
              "QuestionScope": 0,
              "QuestionText": "What has been the most effective input given by the TCP to support <i>%foas%</i> in your institution?",
              "StataExportCaption": "effectiveness",
              "VariableLabel": "",
              "IsFilteredCombobox": false,
              "IsTimestamp": false,
              "ValidationConditions": [],
              "VariableName": "effectiveness"
            }
          ],
          "ConditionExpression": "IsAnswered(improvement)",
          "HideIfDisabled": true,
          "IsFlatMode": false,
          "IsPlainMode": false,
          "DisplayMode": 0,
          "Enabled": true,
          "Description": "",
          "VariableName": "foas",
          "IsRoster": true,
          "CustomRosterTitle": true,
          "RosterSizeQuestionId": "2c159971-ae6e-6afd-b779-76480f3eff01",
          "RosterSizeSource": 0,
          "FixedRosterTitles": [],
          "PublicKey": "f0ccad55-950f-7f57-03a9-8c8e103a6cc0",
          "Title": "Please answer for:  %rostertitle%"
        }
      ],
      "ConditionExpression": "",
      "HideIfDisabled": true,
      "IsFlatMode": false,
      "IsPlainMode": false,
      "DisplayMode": 0,
      "Enabled": true,
      "Description": "",
      "VariableName": "",
      "IsRoster": false,
      "CustomRosterTitle": false,
      "RosterSizeSource": 0,
      "FixedRosterTitles": [],
      "PublicKey": "3ad9a2fb-f2c2-42a2-a397-ef3c6ad26fad",
      "Title": "Your area of expertise"
    },
    {
      "$type": "Group",
      "Children": [
        {
          "$type": "MultyOptionsQuestion",
          "QuestionType": 3,
          "AreAnswersOrdered": false,
          "YesNoView": false,
          "CategoriesId": "445feaa5-97a1-0f83-d643-6b7bfc3bdb94",
          "Answers": [],
          "Children": [],
          "ConditionExpression": "",
          "HideIfDisabled": false,
          "Featured": false,
          "Instructions": "",
          "Properties": {
            "HideInstructions": false,
            "UseFormatting": false,
            "OptionsFilterExpression": "theme== 1 && (@optioncode >= 10 && @optioncode <=19) ||\ntheme == 2 && (@optioncode >= 20 && @optioncode <=29) ||\ntheme == 3 && (@optioncode >= 30 && @optioncode <=39) ||\ntheme == 4 && (@optioncode >= 40 && @optioncode <=49) ||\ntheme == 5 && (@optioncode >= 50 && @optioncode <=59) ||\ntheme == 6 && (@optioncode >= 60 && @optioncode <=69)\n\n/*\n\nimprovement.ContainsAny(11,14,15) && @optioncode == 11 ||\nimprovement.Contains(12) && @optioncode == 12 ||\nimprovement.Contains(13) && @optioncode == 13 ||\n\n//2\nimprovement.Contains(21) && @optioncode.InList(21,22) ||\nimprovement.Contains(22) && @optioncode == 23 ||\nimprovement.Contains(23) && @optioncode == 24 ||\n//improvement.Contains(24) && @optioncode == 24 ||\n\n//3\nimprovement.Contains(31) && @optioncode == 31 ||\nimprovement.ContainsAny(32, 33) && @optioncode == 32 ||\n\n//4\nimprovement.Contains(41) && @optioncode == 41 ||\nimprovement.Contains(42) && @optioncode == 43 ||\nimprovement.Contains(43) && @optioncode == 42 ||\n\n//5\nimprovement.Contains(51) && @optioncode.InList(51,52) ||\nimprovement.Contains(52) && @optioncode.InList(53,54) ||\n//6\nimprovement.Contains(61) && @optioncode == 61||\nimprovement.Contains(62) && @optioncode ==62 ||\nimprovement.ContainsAny(63,64,65,66) && @optioncode.InList(61,62)\n\n\n\n*/\n\n\n\n"
          },
          "PublicKey": "26ba83de-dc8c-95a1-5c12-98b0a6103a86",
          "QuestionScope": 0,
          "QuestionText": "In your opinion, which of the following long term impacts resulted from the support given by the TCP-IAEA on the thematic area <i>%theme%</i> in %country%?",
          "StataExportCaption": "imp_opinion",
          "VariableLabel": "",
          "IsFilteredCombobox": false,
          "IsTimestamp": false,
          "ValidationConditions": [],
          "VariableName": "imp_opinion"
        },
        {
          "$type": "MultyOptionsQuestion",
          "QuestionType": 3,
          "AreAnswersOrdered": false,
          "YesNoView": true,
          "CategoriesId": "2323566c-0971-d932-0a04-c591175bbfef",
          "Answers": [],
          "Children": [],
          "ConditionExpression": "IsAnswered(imp_opinion)",
          "HideIfDisabled": true,
          "Featured": false,
          "Instructions": "",
          "Properties": {
            "HideInstructions": false,
            "UseFormatting": false,
            "OptionsFilterExpression": "//1\nimp_opinion.Contains(11) && @optioncode.InRange(111,119) ||\nimp_opinion.Contains(12) && @optioncode.InRange(121,129) ||\nimp_opinion.Contains(13) && @optioncode.InList(114,132, 133 ) ||\n\n\n//2\n/*These two have the same questions*/\nimp_opinion.Contains(21) && @optioncode.InRange(211,219) ||\nimp_opinion.Contains(22) && @optioncode.InRange(221,229)  ||\n\n\nimp_opinion.Contains(23) && @optioncode.InRange(231,239) ||\nimp_opinion.Contains(24) && @optioncode.InRange(241,249) ||\n\n\n//3\nimp_opinion.Contains(31) && @optioncode.InRange(311,319) ||\nimp_opinion.Contains(32) && @optioncode.InRange(321,329) ||\n\n//4\nimp_opinion.Contains(41) && @optioncode.InRange(411,419) ||\nimp_opinion.Contains(42) && @optioncode.InRange(421,429) ||\nimp_opinion.Contains(43) && @optioncode.InRange(431,439) ||\n\n//5\nimp_opinion.Contains(51) && @optioncode.InRange(511,519) ||\nimp_opinion.Contains(52) && @optioncode.InRange(521,529) ||\nimp_opinion.Contains(53) && @optioncode.InRange(531,539) ||\nimp_opinion.Contains(54) && @optioncode.InRange(541,549) ||\n\n//6\nimp_opinion.Contains(61) && @optioncode.InRange(611,619) ||\nimp_opinion.Contains(62) && @optioncode.InRange(621,629) "
          },
          "PublicKey": "8463c01b-7d00-5f5e-e446-9e87adfd704f",
          "QuestionScope": 0,
          "QuestionText": "TO THE BEST OF YOUR KNOWLEDGE, did any of the following impacts occurred as a result of the support given by the TCP-IAEA?",
          "StataExportCaption": "impact",
          "VariableLabel": "",
          "IsFilteredCombobox": false,
          "IsTimestamp": false,
          "ValidationConditions": [],
          "VariableName": "impact"
        },
        {
          "$type": "SingleQuestion",
          "QuestionType": 0,
          "ShowAsList": false,
          "Answers": [
            {
              "AnswerText": "Yes",
              "AnswerValue": "1"
            },
            {
              "AnswerText": "No",
              "AnswerValue": "0"
            }
          ],
          "Children": [],
          "ConditionExpression": "",
          "HideIfDisabled": false,
          "Featured": false,
          "Instructions": "",
          "Properties": {
            "HideInstructions": false,
            "UseFormatting": false
          },
          "PublicKey": "8fa45f31-a9b9-36c1-6a71-9bc527cd2548",
          "QuestionScope": 0,
          "QuestionText": "Has your institution participated in any activities organized within a Regional Project?",
          "StataExportCaption": "participated",
          "VariableLabel": "",
          "IsFilteredCombobox": false,
          "IsTimestamp": false,
          "ValidationConditions": [],
          "VariableName": "participated"
        },
        {
          "$type": "MultyOptionsQuestion",
          "QuestionType": 3,
          "AreAnswersOrdered": false,
          "YesNoView": false,
          "Answers": [
            {
              "AnswerText": "Trainings / continuous professional development",
              "AnswerValue": "1"
            },
            {
              "AnswerText": "Sharing regional expertise (as provider)",
              "AnswerValue": "2"
            },
            {
              "AnswerText": "Strengthening technical capacities (as receiver of regional activities)",
              "AnswerValue": "3"
            },
            {
              "AnswerText": "Access to regional institution/ Laboratory/Education Centres",
              "AnswerValue": "4"
            },
            {
              "AnswerText": "Access to Data/ Global Networks",
              "AnswerValue": "5"
            },
            {
              "AnswerText": "Harmonization of profession(s) at the regional level",
              "AnswerValue": "6"
            },
            {
              "AnswerText": "National actions originated from interaction with regional counterparts",
              "AnswerValue": "7"
            },
            {
              "AnswerText": "Regional harmonization & implementation of curricula/protocols/guidelines",
              "AnswerValue": "8"
            },
            {
              "AnswerText": "I have not participated in a regional project yet",
              "AnswerValue": "98"
            }
          ],
          "Children": [],
          "ConditionExpression": "participated == 1",
          "HideIfDisabled": true,
          "Featured": false,
          "Instructions": "",
          "Properties": {
            "HideInstructions": false,
            "UseFormatting": false,
            "OptionsFilterExpression": ""
          },
          "PublicKey": "1c8dd6fd-cc3f-176c-42e0-303c8401a02e",
          "QuestionScope": 0,
          "QuestionText": "In your opinion, what has been the added value brought by participating in activities organized within the framework of a Regional Project?",
          "StataExportCaption": "value",
          "VariableLabel": "value added",
          "IsFilteredCombobox": false,
          "IsTimestamp": false,
          "ValidationConditions": [],
          "VariableName": "value"
        },
        {
          "$type": "TextQuestion",
          "QuestionType": 7,
          "Answers": [],
          "Children": [],
          "ConditionExpression": "",
          "HideIfDisabled": false,
          "Featured": false,
          "Instructions": "",
          "Properties": {
            "HideInstructions": false,
            "UseFormatting": false
          },
          "PublicKey": "233ae8c8-f0b7-6c89-dc36-4d1df8e2aa70",
          "QuestionScope": 0,
          "QuestionText": "In one word, how would you define the support given by the TCP to your institution?",
          "StataExportCaption": "word",
          "VariableLabel": "",
          "IsTimestamp": false,
          "ValidationConditions": [
            {
              "Expression": "self.Split(' ').Length == 1",
              "Message": "Please enter a single word only",
              "Severity": 0
            }
          ],
          "VariableName": "word"
        }
      ],
      "ConditionExpression": "IsAnswered(theme)",
      "HideIfDisabled": true,
      "IsFlatMode": false,
      "IsPlainMode": false,
      "DisplayMode": 0,
      "Enabled": true,
      "Description": "",
      "VariableName": "",
      "IsRoster": false,
      "CustomRosterTitle": false,
      "RosterSizeSource": 0,
      "FixedRosterTitles": [],
      "PublicKey": "84064e53-3a8b-e47b-271b-845a5d388e7d",
      "Title": "Your perception of the TCP support on %theme%"
    },
    {
      "$type": "Group",
      "Children": [
        {
          "$type": "MultyOptionsQuestion",
          "QuestionType": 3,
          "AreAnswersOrdered": true,
          "MaxAllowedAnswers": 3,
          "YesNoView": false,
          "Answers": [
            {
              "AnswerText": "Trained staff remain in the institution",
              "AnswerValue": "1"
            },
            {
              "AnswerText": "Trained staff applying knowledge acquired",
              "AnswerValue": "2"
            },
            {
              "AnswerText": "Equipment properly maintained",
              "AnswerValue": "3"
            },
            {
              "AnswerText": "Appropriate operational funding",
              "AnswerValue": "4"
            },
            {
              "AnswerText": "Technology relevant to country priorities",
              "AnswerValue": "5"
            },
            {
              "AnswerText": "Others",
              "AnswerValue": "98"
            }
          ],
          "Children": [],
          "ConditionExpression": "",
          "HideIfDisabled": false,
          "Featured": false,
          "Instructions": "",
          "Properties": {
            "HideInstructions": false,
            "UseFormatting": false
          },
          "PublicKey": "c097cef6-5ecc-c814-08a9-623d37dec525",
          "QuestionScope": 0,
          "QuestionText": "In your opinion, what are the aspects that may help ensuring sustainability of the achievements reached with IAEA TCP support? \n<br><br>\n\nPlease RANK your 3 priority technical support needed.",
          "StataExportCaption": "future",
          "VariableLabel": "",
          "IsFilteredCombobox": false,
          "IsTimestamp": false,
          "ValidationConditions": [],
          "VariableName": "future"
        }
      ],
      "ConditionExpression": "",
      "HideIfDisabled": false,
      "IsFlatMode": false,
      "IsPlainMode": false,
      "DisplayMode": 0,
      "Enabled": true,
      "Description": "",
      "VariableName": "",
      "IsRoster": false,
      "CustomRosterTitle": false,
      "RosterSizeSource": 0,
      "FixedRosterTitles": [],
      "PublicKey": "a744d40b-79b5-6ab7-70fc-99e5db7c0691",
      "Title": "TCP support in the future"
    }
  ],
  "Macros": {},
  "LookupTables": {},
  "Attachments": [],
  "Translations": [
    {
      "Id": "9ce7ee64-b729-60d7-241b-da46aac75d99",
      "Name": "Spanish"
    },
    {
      "Id": "20345823-ff41-af2b-aad9-78c140aefc5f",
      "Name": "Arabic"
    },
    {
      "Id": "3934c66e-5140-0bcc-488f-09e423ddd342",
      "Name": "French"
    },
    {
      "Id": "24a0a916-56b9-881e-4738-e5e776260b35",
      "Name": "Russian"
    }
  ],
  "Categories": [
    {
      "Id": "494fca3e-2bef-5991-7a1e-31b11e6bbe6e",
      "Name": "value_added"
    },
    {
      "Id": "805597bf-a49f-0fe2-fd63-821348b1e3fc",
      "Name": "themes"
    },
    {
      "Id": "e0fa4907-2a2b-4cd2-8cff-1338dc3a5b29",
      "Name": "mechanisms"
    },
    {
      "Id": "47ffc4fd-a7d4-8e5c-752c-800ee392067c",
      "Name": "sustainability"
    },
    {
      "Id": "1b27b446-4cd0-e17f-8ab7-dc40041096b5",
      "Name": "years"
    },
    {
      "Id": "445feaa5-97a1-0f83-d643-6b7bfc3bdb94",
      "Name": "impacts"
    },
    {
      "Id": "2323566c-0971-d932-0a04-c591175bbfef",
      "Name": "impactsyesno"
    },
    {
      "Id": "0128f556-b60f-4adc-7ea6-0a58c12699fe",
      "Name": "countries"
    },
    {
      "Id": "2c06f4e2-5e80-bfd4-7e33-32ff889753fb",
      "Name": "improvements"
    },
    {
      "Id": "95dc6a94-4b9d-96a8-1ddd-814a25ad4f51",
      "Name": "cps"
    }
  ],
  "ConditionExpression": "",
  "HideIfDisabled": false,
  "CreationDate": "2023-07-05T08:57:12.1637177",
  "LastEntryDate": "2023-10-11T13:23:50.2543749",
  "IsDeleted": false,
  "CreatedBy": "0f467010-8d76-45ce-ae9a-f9a9d94a1276",
  "IsPublic": false,
  "PublicKey": "0839327a-2576-452a-8c95-2206a315a35c",
  "Title": "CP Survey",
  "Description": "",
  "VariableName": "cp",
  "IsRoster": false,
  "DisplayMode": 0,
  "RosterSizeSource": 0,
  "FixedRosterTitles": [],
  "LastEventSequence": 0,
  "IsUsingExpressionStorage": false,
  "CustomRosterTitle": false,
  "IsCoverPageSupported": true
}